<addon id="plugin.video.thesith" version="1.0.3" name="The Sith" provider-name="Wraith">
	<requires>
		<import addon="xbmc.python" version="3.0.0" />
		<import addon="script.module.requests" />
		<import addon="plugin.video.youtube" optional="true" />
	</requires>
	<extension point="xbmc.python.pluginsource" library="thesith.py">
		<provides>video</provides>
	</extension>
	<extension point="xbmc.service" library="service.py" />
	<extension point="xbmc.addon.metadata">
		<reuselanguageinvoker>true</reuselanguageinvoker>
		<license>GNU GENERAL PUBLIC LICENSE. Version 3, 29 June 2007</license>
		<disclaimer lang="en"></disclaimer>
		<summary>[COLOR red][/COLOR]</summary>
		<description lang="en">Through strength, I gain power. Through power, I gain victory. Through victory, my chains are broken. The Force shall free me.</description>
		<news></news>
		<assets><icon>icon.png</icon><fanart>fanart.jpg</fanart></assets>
	</extension>
</addon>
